user_id,product_id,registration_date
2c6e7b33-7815-4a8e-a6bd-5e8608eef1ff,6bf48a11-d913-4e85-80e9-7951f6e97ede,
f21dd1e3-e018-4cde-b3a7-3d58ba27772a,230f48b4-49ea-4337-b317-4117bdf6351d,
d55b433b-79f0-4a9d-84de-66e8381e2502,085d36d8-2c09-481e-adbc-ae4dff61c4a4,
fdd1b77e-8de1-4210-9116-bcabc5797b1d,bccdb35d-6b4f-421d-8292-59af3e194d26,
832cb42a-3c37-4b07-8977-82408ed7d70c,74c3b7ba-42a8-4960-8cc9-88a48b744632,
66535083-50ca-46b0-91c5-0263adcb6570,794d3401-1dc7-43b1-8a31-0558553d7147,
b921acb5-4fb3-4029-b433-779922dee50f,bd00bbab-a07c-4fec-95c8-475cf76f3168,
b81582d0-e069-446e-9ac1-e01d8c925128,49c3a109-2802-499e-8d34-f9368cad029c,
f39d103a-75db-4f0c-aeda-3794edbc6768,b03b00d8-f297-4261-bfb7-d7dccf08fc05,
57a608a8-2e94-43b1-9006-e51dd86fb38d,60db79af-fa99-4613-bda0-07cdb48a25b2,
ed585b0c-aa75-4a4f-afc3-b625db7dc99e,dd891ff9-c29a-4567-a68e-063d332ab945,
d1142c25-6eed-4bfd-a9fe-f71134c91652,8afe5eb7-3454-4d78-9a8a-6400efc16d86,
fc0f0ccf-cd47-4ff7-8374-0be07bc57c65,b040cef4-6c6e-4248-95c9-faac6d91e33f,
4dff0ae8-b012-486a-8386-cb1179245490,2595e003-eaa4-4d4c-bd3e-27a5ccf1c334,
8cbd73bb-284f-48a5-80cc-abd87d259367,cfc615a1-6b3c-402f-9464-e9451a20980f,
aa92692d-ced1-4905-9a2b-adc22f0a356c,4ef1f082-acef-4350-adf4-8ef5d92676cd,
c52f8707-fba9-4da7-9ed2-9b1067a5619a,343d6c9e-bed5-4b33-964e-78f347b12ce6,
9e594828-4a80-4504-8236-636862ae2e47,1a76a2c3-ad19-4fc2-afc3-86bf37da4247,
a0f39386-9a8a-4aeb-9301-7edbf3de47a6,ef0917b1-beec-4c9f-86a6-6f66e901c96d,
da77c74f-28d1-4e22-b5a5-3f40e3e5f6b4,749610ab-0bc3-4214-afe7-833d7e3b0225,
7fb911f2-41d1-43e4-8834-e66ec989a9d4,922a9908-8739-4e2b-8b26-a11552f94650,
447bade2-e78d-47ec-b34c-3be139185dc3,4d68cf0a-1bc5-4403-8dda-5943ca587b5a,
1659f5ef-d0a2-4316-afa2-d76fa60a91d5,6b724902-98b9-4649-996d-a0ae0ebe3333,
200488ae-e44c-4ebe-9280-ea3a40652fc8,af99b33b-9dff-48a8-affa-af0d33e31a15,
1f137f91-fa50-4fe2-856e-fee19e0eea7d,c4b3bfee-4f2f-42f4-9213-1c41cf9c640b,
4c9b3789-c819-4215-8914-b1f64e75814b,d35999bb-a32e-41f9-abf3-13fd93b4ae49,
576afa35-40f3-47e7-b9e3-d505deea79aa,6442498a-e211-432a-9a01-c1272aa7b545,
039820e1-bd1c-44d1-b962-cb0e7df24c20,b4b86a3d-15a3-4c42-8cc4-438cb9566a39,
0443c298-a07d-4073-8dc1-bd09f7010334,ac41a148-f0b5-4cc2-ab17-b0359c9f7048,
d2c12209-2c7e-4d69-af96-ae6a041e05fa,13b3e908-4859-4d50-8784-99183bbe5986,
a0fdd820-67a7-4868-823a-9f7bcdca1dbd,648d5d52-8347-4032-81fb-cb4a0a55ae4d,
c5f5988f-99f2-481e-afa3-03931a9ea02d,5c8b28ae-c0a3-46aa-a467-b8a60e60da6a,
5d2ff422-c5fc-4a2f-bb6e-f3e4476f6f49,95716d1c-df11-4095-af59-124c9e5cd1aa,
33ef8948-82b4-42a1-a221-04c42daf4764,9748101e-5327-4b7b-b79a-e8a944e69623,
544319c5-8f03-44cf-9b00-991d0d9f9b0c,d854eb3e-2ac5-4084-9342-78f0f5dffd77,
14d4066c-20a3-4878-be35-3d9b5b8480aa,e10bc043-89a4-446a-860a-14959f1824fc,
fcada7d7-80c2-47a2-a55a-8701b73ea7f7,ec3a739d-a968-4ba6-aa11-c592c906e3be,
05b58769-3172-4d87-87d1-917f2fa795ca,1e7811e7-4c81-428b-8273-9e104f4b72ed,
9d4877db-19a4-44d2-b056-8f136d5e9840,b6c000ca-f7ce-4f2f-8ad6-2f72fe52ec07,
172b00fd-ebfe-4410-9335-e949dab590b8,7556b4cb-5e33-4f2d-9e43-fbf0d0a0d404,
b65a39bd-2d4e-46f9-b6ed-82a31d3dd136,b8380641-6acf-4de4-bb49-f2c8c75f68a2,
2fedf92e-144b-484e-a534-b59e13749161,7571a8d7-db42-43f0-ac6b-c91cfcd7670e,
20570a0b-3e76-4efd-b499-6b12fa3c3bb3,41ad4f17-7546-4c05-b874-5fe4e5d944be,
a84cd97b-7b01-4e4a-abab-6ea711e92492,bf4f7490-6377-43c4-8acd-e830827adb0d,
4f734b97-c4ad-44cf-aa6a-259441be3fba,daa149b0-f570-46b3-9276-98d6b498b883,
769bbe64-ba15-4fce-bb41-592256f02848,c2260818-1ee6-48cd-85d7-277b091f815b,
2242e934-da16-463f-87e7-1096f210e53f,ece46038-b1ef-4169-993d-545b47e471a6,
4bbbc74d-0f58-436a-9e91-fe200cff9f99,42a0f857-ff62-461a-b2fb-8b1f8f59c02d,
15fce0d6-f32d-4da0-80ac-4bd772166cb3,a78f2a7c-1042-4326-a11e-6ce785f4278a,
37700a4d-deda-41ef-a256-429f4b0b573b,81692889-1202-4deb-88e9-c6140a218a8c,
95059792-93ab-4854-ab9a-38a900f6d794,33947dba-6fb8-4abf-b946-73205953a444,
d7614827-f02f-45c9-8f60-171ffcf06a00,21955cc7-909f-4b79-941d-0a4586aa9f81,
7bfe9f3e-5e72-43cf-ab81-3d40e4b4612c,95cf8629-f919-47a6-a77b-f0d6eb408907,
46625191-f9e6-457d-8b1b-af92300e141f,e74e9ba6-9715-47cf-9309-1bc836fadc98,
d8a8a28e-134d-4e3f-a01b-d9523d61fe79,1a963498-b3df-4a5c-b7f1-f2a7d537bdb7,
e40af157-3c90-4034-8c5d-3442e07e4327,1b8fa55e-83de-4a96-be9a-4b8bf417fc66,
c1ab6ad1-bcae-498a-9bb4-82f80d5894a4,6a2837c6-8452-4262-a2a2-4214718c0f61,
1bc881f5-f021-40f9-9f7c-ad35ce9ed04a,2a56453d-4879-489f-a2de-7949352d56e8,
02fc7ad7-4bc2-4774-831c-07df1f6f078b,93b4be9d-fd1a-4c78-ae27-46b5111ab666,
1cc66ae1-5128-4194-8dc3-a8ffe815713e,6f54d7b0-6d55-4d4a-a65b-94e2d7a44ee8,
0be66765-e646-49bd-b838-fec9728d6658,975e8015-898d-48aa-b75e-3092381b1516,
41e3c8b9-0e60-465a-99d0-cbeb17bf750b,2ba70a2d-f6e0-48a4-838f-75b0fe2c7b92,
f79e3787-c920-4b06-bbdc-e03e19e1f5cd,2a27da31-7456-4706-b14f-185bc964e69c,
d276830a-ddea-49d1-8275-a893fdfd927b,753ba2fe-a850-4679-87f8-b87bcf59506c,
cdf0509e-b2dc-47a3-a977-0fd9eaf0aace,dea6dbea-5e00-4313-8391-d6b4743dd729,
8f7231bf-44fd-4e52-be82-a9f46fbe119b,213f6c10-cf4b-49f7-b252-df23cc59e30b,
8c568bfc-52b0-4388-b1fa-78bb5cf88e1a,5b337aa7-1ea3-4f8b-9b2b-739e8f84d982,
626769db-1e39-4600-b1b5-a969682c9a3b,63aa8d78-1164-45d6-9a30-26dc7a65b49b,
81a2ea55-c273-4eef-bf91-fdbc0fe2f49c,72627c6f-f874-4ccc-b654-ebace9732a66,
e9391788-d6ea-4386-b7ec-f1e7c0d93f2e,5a24f1f3-46d4-4c27-b9c6-1f51dcfa923b,
0c26267e-a0f1-4812-af86-6da291c7688e,fc05cdf7-9bd0-49e0-bd42-d35e7657f4ce,
22715c4c-2f7e-4e12-845b-40cf2441716f,02ad74f6-1690-47b9-a936-fc4867aefa8a,
172ac0cf-4cad-40ae-8b6b-b072208667af,7e6d31d2-6d33-4037-92f6-236c7dc0bb8d,
a3aaf130-69c8-4130-ae9d-a2adbae34c1a,284144a9-c85f-4ad1-a523-002e21cf3f30,
c5bd14f8-174d-4c04-bc79-3a82345911cc,425c011c-0dae-48fa-927d-66f75f3fca66,
9ee250b8-121e-4c1a-9ed8-abb1356d11f2,e95b14a5-d62d-4ece-bd60-af4c65b32d91,
34c83024-be1a-4ba6-b9c9-d555ea737f1d,3649af8a-6455-4192-ba1f-3541bc3aa18b,
939763ad-b924-411c-993b-c9b7cff27070,02bdabb6-f578-49ce-8566-ba1e5e000f2f,
c639d238-03f4-46eb-bb60-4d93367c1aa3,d30a92ae-0d8f-4338-94f3-145f5fe3d8b7,
c4f63d69-456c-487d-8091-d11063b281e7,8185626b-d4d0-4fbc-85c0-6e4349b6710d,
6586fe9d-63fd-462c-a475-779738488249,1432843b-5dcb-4bd2-a78a-d43c493fe234,
a8c22f40-87e5-450b-a65b-b416bb2398c7,d3fcb7f9-c549-454f-9c60-ec90a86634f4,
15cc6c47-880d-46f2-aa8e-3dac4b1c3b0e,8aac5dae-dac8-43ba-b026-476917328b76,
90f0efac-2989-41d4-b8e9-2480fb61ab07,5f2a5d96-e8d9-4a33-a9dc-ff0dd381e66a,
2255cfc6-575c-43fe-b57d-c8a0b55749ca,edb76ae4-0d9c-4726-b84d-817f4fc75fe7,
b5c6cc4d-8a80-4017-be0b-7d60e4b92e57,e55a653e-a0a3-4428-9ca2-e90ed9aa447c,
81fe3403-2a8f-4595-b416-a17d863f5cd6,3c0a5f9c-52ed-4173-959c-e5c1c6c5b1d2,
d5dc2e35-c118-47af-8480-fdc9582fed5d,e407cbb9-e78c-409e-93e9-66380426cfc2,
264b6af2-6749-49fc-b7f9-35ea42c044a1,bacf0636-99c8-4ec0-9406-725066f18c65,
725b3002-2b91-4a9f-a8fe-1dbde9dc9166,c56ab81d-0427-4a94-9dfd-143bf82d9cd6,
12457918-9e10-4b4f-bf65-7cc2a9677fde,51db4646-2994-4e51-95ff-72267046dde6,
fed8a9e8-228e-4bc8-82ad-ebfad0880b42,582f9688-ad5c-4d5d-bca3-713937822e1f,
2b862927-0aff-4633-9099-89b21e2ba25d,6cba5d6a-06f2-4921-b43b-88ec3be34521,
d17ac14b-5cd3-478d-967a-66c9a62e1e40,35f652bf-f5d2-4e5b-8fdf-8dfdf04e1d65,
d86aa2b5-c9d1-4bb9-8172-50caddb5a8e8,70969a9a-e204-42e7-9cc4-4698094d6d01,
11d68c78-2553-4e0c-ada0-0471b72a7dc3,95189943-363f-4049-8d62-13ceecfb5858,
c591c3f7-44bd-4a68-9c5d-729c2837b2e3,f7f00696-713c-4c6f-918f-7031d8c303b0,
7ec19753-e5cb-44a5-8acd-76acdafae149,a07d70cc-f84d-47d7-a30c-fd17665538d6,
671091ca-413d-4392-9ef9-057a88fca26b,a07bb581-f5d8-4646-a3ed-e77fc8995ba6,
33bc7646-2ac5-4f86-990f-389d53521531,54454965-0420-480d-989d-3b36dea28b06,
ec07cd65-12e4-426a-a369-86cf1c7c8bc1,5f69156b-8364-4be3-ab3b-aa77e0abe17a,
bd499f41-7559-40b8-b175-897c06859a3d,54a21329-6bfb-4100-9879-78fcb65aadd7,
6b2f18fc-b309-4809-bbee-3f8197868bfe,d5968da4-7a76-4376-a9d4-34714e27dece,
212d929f-244e-4a33-8978-64bea0ce56c9,a47227ce-c776-457f-bce0-50ce0ad07215,
dbdb9875-9256-442a-b6cc-b3461aab06ca,7ce89890-7802-4f16-a92a-5c5caf52f16a,
bbcbf823-f7c2-4204-88ee-559ce1a6fc0b,4bfbf37c-07e3-45d6-98f9-7f92f3e7738b,
9c7bd2c6-1c78-43a0-bd38-adec66f4035f,7d85e20d-51e4-414e-99fe-0849748441ba,
349b0f58-d809-4d8b-bc0d-0094f645f1af,cb9e42e7-683a-4c4c-b427-f173bdcc72d5,
29be00c4-6ad7-4b63-9b4e-a1690fc41879,6416051a-fcd9-4f3a-bd0b-03f5e8ee0879,
00ce7dbf-2459-40a7-9393-aab069739e78,0b4a393b-1163-4c17-b0e7-a23ea62df53b,
d79ab36e-64c5-474a-8c6e-b4c2f8604ef4,ff8ca114-5c64-4af9-b8fe-f1db2537bb73,
11a17c97-05ab-40c8-a3e0-96dafbae3563,278280d2-31ea-402b-a2dc-3dc2e24ef9d7,
8924180a-0ef5-4cc8-b8bc-6f7930f90299,d7915100-4b78-4d4b-894d-6acc66b8575b,
1ddbcece-dfbe-4e98-95b5-638e7cd92130,c0f480c4-0390-47e1-a53e-6bf2e0717b1a,
fe5caeda-e850-4234-8582-fffafe12b246,37a6fab4-c9db-4cc8-91f4-879c447ff243,
f818228c-6e3d-4409-b5f4-8fa01bc009c3,dc3ca14d-14dc-4bf3-b4fd-464f895eed6a,
83b51981-f43a-4e30-8bfc-58c8541230d8,865c4f1b-b3d7-460e-bd5e-1475559549bd,
fa9b433e-3ddb-4977-8a76-b4719381441a,2d4e33a2-db23-4516-a31f-9c7dc2d30178,
c84b7711-ddbc-4691-a478-8cce31384693,c503eb33-1a28-49ef-9b50-ec71845dca31,
b8a4743a-e62b-49cc-8366-19f89f246ad7,b10484b9-e30e-4bb3-bab4-807e49426d0d,
56d0e28d-f4bf-43cb-9a96-22ea0c1f13df,fa5dc2d6-dd35-434e-99b0-0cd44a6b7c0c,
b9d844da-d0de-4d5a-8db0-d4e0f8a9c3dc,ec9d66b9-fafe-4675-a8bc-76ca533d23b6,
b172fd98-330d-45ac-87e6-b0a67024f8fb,8b074fa1-40af-4949-a85b-21a2c8471114,
483b5ba6-106c-4feb-bccb-6eaa5b2baf2b,22aa098a-c097-4525-ab2c-a4a2e21d5d89,
ba11c140-e0ca-4c5c-8fd2-ec68c7eb9223,6425d5ef-4cfd-4a27-b1bb-1700cec7035d,
f8d0046b-5405-41a3-bf76-10824771f133,db9ef231-095d-4f3b-a87c-a728f87599fc,
5719e43b-8e42-4cdb-90e3-d5e9c62a61c7,42b90a86-d455-48e6-ae15-a218ad49ff6d,
5a083c15-1b5e-4024-84ae-64fbad3de44c,ca42ddb9-934f-4298-8309-2ec7a46994ce,
1c70029f-d73e-4c0f-8a77-23a0544c1801,bc803f8f-b180-49ff-b9a0-7ed9cbaefe82,
18109683-a2cd-4d56-95c0-53e18063729e,9ccfcc1e-c03a-4540-b9b1-533ebbc75184,
472ace4e-40f4-4774-afec-061df7fdc12f,a7c3b0f5-5854-42c5-9bfe-ea09e39141f2,
af658110-e240-41e0-a04e-9c6b0eda4ee1,8ef2b791-a53c-4f4a-b8ef-258bbce34d6a,
026187fb-a38a-454e-9be4-7aff8745ee17,2556749b-45d6-4a08-a563-12222cd79e78,
dbf67434-73de-4445-8858-08568689902f,5782b9de-ecb3-41ce-a742-1c72c9966e6e,
2a444455-4743-4028-a685-b3bd205402a0,1eff121b-30db-4c8f-b054-fa2d45be8c1c,
0623852b-a070-42e8-9a23-5ff35b782177,a7e3d2d8-fdb4-4b3f-bc9c-c098c3586afc,
c26af02b-bc94-456c-9c41-d934d6ad76bb,7c7d24dd-75bb-4c3e-a7e1-e76df4fe8033,
49133a9d-cb02-40f0-a32f-36ec3ad3ae43,0fc05e59-339c-4f15-a616-108d5fa79eb7,
bab26d63-7ba2-4dad-80fa-7ce21337185c,2910ddc7-3d16-4e9b-b946-a121513861eb,
bd9b2df0-64bc-45d4-b12d-ea155fa3534e,a329a7f8-38cf-430a-adf1-2a9f9a2d9586,
5b079e2f-51ed-4516-8834-39cda9c72863,16b3fcc1-8db7-480c-ac7c-f85a45fe1c4a,
991b7ad0-b940-48eb-9e8c-eee30b80d9c7,a191aaaa-4f27-4cce-9062-822fd9897350,
b7cea87f-c239-4a43-a779-0cc2c7fd352e,5a01336f-1883-43fb-bebb-f3787cd63e1f,
fc8dbadc-7815-4638-9f82-7c3280000e4a,c0ad84dd-76d3-4e80-bfdb-8d040ae170ad,
5cc5fdc1-5007-4231-a1cc-f47005c8fe0e,a7281391-d736-4b15-96bf-7a30ff49a4ec,
191f0bc0-2fe9-436e-a6ee-740208895d80,572cc280-2651-4b83-a919-378f875800d3,
e95a4a30-30f2-4129-af77-914a2b6ad550,f740b0e9-aeb1-4005-b736-391ee9e4afcc,
79311792-5549-41dc-a537-0d4616657777,820e99c3-5365-44e1-b475-38f990740c74,
006327e8-bb3a-4597-bf17-5340321ff234,0bd063a7-126e-483b-8c02-aebc4638666e,
ccb2d0ea-d3cc-41bf-b6fb-75a6cbf61623,3c81050b-5695-403c-ad37-69e3261324b9,
682ae9fd-ad82-4940-9464-64689b2a4bc5,727223f0-2ff4-4a1e-b458-058e64d86311,
445b9938-29f5-4718-9429-62164a59272b,e5db89ae-f013-40b6-ae18-0bd4eb1e6b3d,
33070164-51a0-46d7-a1e1-b7257dd9de93,2e7144fd-437f-4322-a1b2-c1f836351514,
c55d643c-2ca7-4b24-9f60-45d1f382db1e,ef64c76f-be9d-43da-844e-6cf9546eb4f1,
89ed9919-ef1c-4e2f-a03d-491f644f1396,441696db-6b09-434e-aaf4-d564f3a2d66d,
56ba4f35-4008-4922-8a5f-01cf9b6c7396,dd5c746c-d43e-4fb6-b565-1f741e289632,
1c913d75-8d7c-44aa-8d3a-c5dcd865606e,1ae2d2ec-b086-4595-a080-efeb4aa76105,
f4d693c3-b56b-4839-81a4-be58276db928,fa501585-5562-47d3-bbd2-c9c040479872,
3e1ecc29-bd07-4999-a5c1-963e612705b8,176d92be-2f55-45b0-982a-38b4423ad6bc,
51cca55b-298a-46ef-abd3-f029fee5783c,a2ed7fe4-272b-402c-861e-5b47d5a32d74,
cdf3ccf9-0c05-4e3b-97ac-28d9e743e59e,40fa7590-a2b8-45d5-ae76-784946c9de16,
f3ae3030-218c-4c89-9ab0-50a90221b346,cf53a5bd-2f12-4a69-bcc4-b0dec22674f2,
d53a7d7c-ef8d-41b5-8430-ae41af877b45,fd5c7daf-86e5-4461-9e93-73ca840bfe48,
b555ad81-7281-4538-b0ad-fa4568f1bb01,9d9807e2-65b9-4870-b4a4-22c2b1033431,
dfa33bce-4507-484f-8f31-b7d2b6f1654f,55fccfac-0dc1-446f-9bf3-b1a33b7b0ab3,
3f38f912-a94e-4662-ac29-a094056e845e,ec33c8cb-d4d0-4d0d-a711-4323c0251b2e,
ac6bc389-9b94-45d3-9fe1-9505c74d9b7f,b88c68cc-f1f4-4866-a7bf-681681c4564b,
2d437c5e-0892-4c9b-9583-2d3b583ada61,412f0fe1-77ab-4090-8dfc-23431173bfba,
199cafac-eb00-40a6-878e-a85dec8ddb98,462913ef-2d83-45f5-bcba-68e96944857c,
4517bf0c-7906-4d01-b98d-2c1eafd18a14,de21dc25-a1f6-4285-9796-e3d5f17613ea,
305a25d1-34a8-43f7-a3fd-1580283b72a5,5040b421-a4b0-4cff-b018-98db860878ac,
bd65a07d-ce2a-4f19-9af6-56ccd14a03d0,b525cf4f-7e5f-4576-93a1-a4c3e9052888,
ffd9fe82-1de6-4686-8885-20dfa663356a,b5a6da07-317a-4446-8ef2-cfda9bfa3c49,
5d1716fe-e996-41e1-b8dd-d8ff820d6834,67b496dc-9eba-47a3-a088-98051c43729e,
d8cef8ed-4ddb-4646-b6c6-15c267d1443f,3fc3d51f-5967-4707-8b14-c5a80e89f88b,
e210a9ec-023a-43fb-a38f-9daff88f487c,eb70245d-23e9-45d2-a1a0-f8e2281e47e5,
0987061b-cb6a-47c3-81c3-ab96ff60151e,52411d16-0688-41af-bf81-82fdd6db3483,
1577d370-f6c2-4c97-9800-e54ca7058fd4,d326db49-3a1a-482d-b4b8-15b4da8b4026,
3cebb8d9-b90a-49b0-8f05-44993443af0e,c3f69754-eaac-4936-8675-5128206269e3,
1baacf3d-4bc0-478e-84e2-61acf860a246,29cda34d-9eb6-44a4-97d3-5b460ea6a497,
c3ff1d25-5884-4bd1-adbe-24f6c2b3a578,3496677d-481c-43b6-aa9e-136a1ab935cc,
d5b0b702-5ed4-4b20-add2-72272506dd30,da2c66cf-fb46-46b7-ada4-1b8440867453,
f47cf518-2dd1-40f9-99d1-8dc68ba21727,ba342e7b-d31d-4fc8-b79c-0d0c3bd7efaa,
591d9555-6887-43f4-bd2f-624f9316ec61,62616d79-b7a1-49f3-afe1-b56eaf6c38e6,
e628128d-a3c5-4af3-ac98-b06954d20c09,8f32fad7-212c-41ea-b65e-d81c34041eee,
c80b666b-309c-4d2a-8831-29d3e81b66d0,1a22dd7c-c117-42b5-ab83-92f0f0a10017,
9398c09f-1dfa-46d1-b42f-5dfc1c61b22c,39292957-6725-4a1a-bebf-6e6858183227,
7fb8e561-b691-4237-8981-97e44dc7417e,d4436c7e-e1a6-4e9b-b645-4b5a5095fce8,
25a6d93e-1379-44a6-9ebb-622c21b68567,baf552e2-ea4c-4d10-bde7-fdeadff7fb3b,
5d479537-442f-4362-8288-a6ed23568ff9,6c70d16b-152b-434b-8231-512041e4addf,
73db9bea-4310-485f-90e6-dff0eec6ad3c,572d98ab-7fc4-4909-9c8d-02c595703a9b,
9b448182-dbe1-4df5-ae5d-49b02bfda248,2961ed4a-2ddd-4b4a-8ccc-f16c1a06e906,
4b2f56fb-a1c6-46ff-b7b6-329f06d7a50e,d13caa31-542f-4b72-a8bc-906b2f9e51dc,
3b5592d6-8d70-4e61-bb1d-165852f80b87,39393282-dfca-4551-8d19-fc1a5e62116c,
7d5624d5-99ac-424e-a809-7f24cd16d46e,33ea3f90-6cbe-49ec-a077-c8c7a341182f,
78462bae-1ed6-4371-a246-0da5fee5b1e9,764135e9-411c-414f-bbfb-598039a8eb37,
da4533e0-1fcc-4b80-9eb2-66d1e2cbc152,032b8a53-b260-4c35-8de5-c21f3ec978ae,
11e10868-cfe8-4c23-98a9-67350b9c1eb8,89ab3275-036b-46f2-a06b-37bbb9964264,
081f22f2-5e65-42f9-9731-470ec7039de9,7e7f6732-7b6e-4a6e-acaa-0c3d593ac816,
0d32734a-7462-43c2-9ef3-9c722a24e002,8eedb045-43b8-44ea-a3ca-b08d89a927e0,
c4627b54-8b32-4ec7-b081-fe064c7f7694,fc3d9338-13de-455d-8791-d9cb12208201,
25d6fbe2-5a8e-4a28-bf5e-8de2c0c1e7e9,97f53e7d-4aa5-4243-9ae5-45f525745baf,
cd1a747c-f324-4ce3-8cff-799dbe9757ec,c35cae71-f5be-41cf-b169-d857b62cd25b,
e88ddf36-fdc7-4bac-8821-f7e5dc97bc29,a2f4c50d-c26c-4cca-941f-330831fa90af,
0ded717d-b0db-47cf-88a8-676ba6bb9f17,c8d955b1-0685-481c-8e80-0075c1a2641b,
dbbf6d5f-f3cc-447a-92f3-4210c1b4f348,6d94b189-fa81-40d0-9cb7-6518387ab258,
03e56b20-5ccc-4806-8f9f-c74bd0b77775,b230fa9f-a523-491f-aa66-d618fbd748b0,
be0c1991-205a-493b-a36c-0b3f08eb9ada,14c86f4d-29c9-429b-9ce0-a407901958e7,
11fedad7-110b-42c8-ae33-21d49f91b496,9e27f956-788a-40d4-bb43-508b08f84c65,
ec84415b-0347-4fc3-a669-8fcc4197e100,cb973ad8-9ef0-40aa-a4e5-b5f73b6ef8d6,
924b6a85-1128-46d0-97f8-511111f55af9,32f77c1f-956e-496b-8bd5-b789dd4b55d2,
04f42673-055b-405a-b768-8fb5ec599fe5,8748b79f-76a6-4eb5-a313-aed3aa78002a,
16d3936f-a73d-48e2-b9b9-9d145eb0f0c6,71f1c28e-379e-4520-a114-c85c661fa234,
3b59497e-eda2-42d7-b5fd-191452909172,5cf3b0f9-10ca-4daa-9102-0d471d795a31,
e93f3045-e524-4113-ac40-ae6c7e3fd14b,16e7d984-ce99-40db-82d1-6659e6d4a5d3,
2770106a-6839-412d-8f16-26aa09c19ef3,8d3c8aa5-92bd-49ce-baea-65fc5f2cb566,
ea6a9af0-af7a-40c9-b2ef-e3539f3ed75e,ae42dbab-68bd-45c3-b8ef-469e461e1712,
01c9715b-566a-46ff-9702-ad98ea510795,ceb3033a-8d6f-4047-b7b7-bc4619cbb556,
e84c6a24-eac3-48bc-b4e4-8fbed813e4be,04018d16-a24f-4d86-ad43-4203e9e2d446,
9128e3f0-8630-45e7-9cb4-305d86cf72b0,6d3bb561-fddc-4ab2-83b9-7a441e6810d3,
936fd2e5-ba16-4876-b76f-281f008f00ba,51c12227-9a90-4d1d-8dba-f675a68320a0,
4651d1a2-de1e-40c1-ad85-d65ee16aa880,c2b11e6e-8477-4db6-af4c-970e1dc2cc47,
e1c8a266-44a0-4574-baf5-10d981063604,43f6280d-1a99-4859-acaa-13ce215d9349,
eed7ecb4-ee0f-459e-ac98-8537589f175b,1c18d148-d77e-470e-ace0-f16c253c712a,
0b5c2b32-21b5-4777-b040-9b637d28e1af,5e428621-907f-41d8-a29f-0b26e12907d7,
2c0528ed-115e-4727-bd25-36c4104ebf54,61953869-e1ae-4ed6-aec9-a0b91f87cd86,
e76e90fc-86ce-4e16-9f17-01d96c4af3ed,36d831a8-2928-4ea1-bdef-e82a6492449e,
47605886-4ebf-4951-b5fc-b02cd9dc8b8b,605e8b3d-14c2-4357-a4b4-9f6443aaeac3,
39205b19-b7fe-4e74-bee9-634d9e40a8bf,49926fa2-f3f4-4814-aeb2-1df8271b8601,
e578f737-8a11-4955-bfe4-407a55a665ee,6907d611-c097-424c-bd0e-3774f79a8386,
c366aece-65cf-44e8-a576-a09cfc8c188b,5805dbcb-ae37-48c8-a572-bcdc7f07eaf2,
4f7996da-74ab-4193-94d7-37b2596b569e,2a74ab18-002d-46e9-87f1-dc4fa4abc7f4,
a682ce7d-7f30-43c7-b473-10ba845b27f7,f3dc1165-cf5d-4064-8155-c75603f8f07e,
181dda5a-184c-4240-a09d-36b9156d7867,d33cf8c6-97f9-43b9-abfd-21b600d13d62,
40d9b157-fb6e-46b7-bc60-4ce12842cb27,203db847-db98-4948-ac7f-6366e45189ef,
085026e4-45bf-45c8-8a3b-ae5e29b50875,2732c97b-0e2d-4163-be5d-05ab1488eee4,
d6778ee1-9c3e-49bd-8009-96828cf84d28,d23c5e45-671b-4201-a3d9-7719495eba90,
4f9a5e76-3fef-42c0-9a53-af8213844094,7990c495-b73f-4143-8865-8db46374d356,
99689916-c80b-45e2-af50-69dcd91caf8a,97701272-ea3c-4949-ad60-7d5207a452ee,
9ea38bf5-28d1-442d-b2ba-be3e501a1e28,c724d8a5-4ba5-4077-bd8d-4769baebbc5b,
0dd6c098-24ef-45ae-afcb-9f937b8b0e53,8934e141-568b-4291-9aaa-3e2aca2d74ed,
c6c7a516-6c34-4d8c-98c5-1abf260240cb,e98ca7a0-54e4-4450-986c-5c543995a390,
fe894c3b-62da-4d79-9792-220eb449b8e9,9058117d-3a90-4309-b21a-68dbb89abbe9,
9df3d3f5-3eff-42da-9767-e619f04ba4ca,f44aebbe-fe30-4169-bdf4-33af39ba7d99,
9a386765-389c-4662-b1ae-275e7944d02b,57a7cc23-f4c7-4f45-af60-e86391ed44dd,
6789819e-d171-43e3-845e-4c7050891c3a,cd7c9dd1-f503-4088-8d2b-c47a1cafcb68,
ba270f14-e661-47cb-8fbf-ca0ede69070f,10b365ee-60ac-44c5-80fa-646d7f466906,
2bad4eb7-0630-41e1-896f-bb219742b5be,d7deb71e-dd5f-457e-8557-903a758a14a2,
c244a6df-8d5a-4aed-9d5e-38c0a673cac0,f5ddae27-ac8b-4d7e-8c13-2317fbe562b3,
220fb83c-3027-41a8-b4b6-e5495c81384c,b8d519da-01fb-4973-9e5b-e45d7c4e06f2,
0c68fe43-a3ce-4cbf-a34d-b5835b051a54,46df4d9f-9636-420d-8619-b8a397e008b0,
55d2a713-d4d0-4d78-817f-9adcbfce0cf5,421afacd-8c2f-4e04-9091-caab8c1ab5de,
0578c7c2-5220-44b6-8100-093e2ff61e5d,a246e640-f69b-495c-89f5-9914ad997d00,
5c12c72f-b0b9-443d-b801-8ce0f61c6526,65b4f78c-00d0-46ee-9573-48cb8a65ae22,
7a326842-96e0-488d-b86f-cfcb629cd4df,a7d8e06d-565e-4c41-8805-0a2941dc3ab1,
562aa2c5-0ea1-4774-aa7e-c85e765b235f,de81c512-2863-4a64-bf33-99b886925758,
bb77575c-464a-4982-9c2f-31d42ce32345,32dfccec-6315-4c40-8197-cd5c3a5e6456,
29c9f9d1-5988-4eca-bbb6-ec7cc4648569,4b33c37d-b3f4-4693-bb8c-8b8b36dc06f7,
78ad1984-29ae-4707-b65e-91ad4fb64d47,c81e2b55-ce6f-4d57-ba1b-3bc59d1a0a17,
41733583-f4a1-471c-8e9c-ce5bd83adf3e,b721943e-3f70-4a43-a3c4-203f2309d480,
5bdf03d3-0f2c-4d29-847c-e219c99de9a0,e87787e3-ed33-4b3c-b9b4-f0d859005853,
556460e4-05b3-445a-b404-464de261bea1,eef02cdd-e240-4f91-ab06-aa7f616a8b49,
4882a68e-ae93-4418-8a63-4682ebc6b99b,64252f8c-9fd8-42cd-b550-8a609f7c4946,
1f6b07c0-4771-4303-8c5e-290717743d07,92220b94-f965-474e-b65e-a6cdf96e230d,
680bd46e-e77f-40b5-abc5-36a084666575,816d3b02-4b19-4588-b6bb-589df8604de4,
ab625fc5-3a06-4648-8fb9-f25c420c247e,84ef74eb-ce5f-44ee-9aea-79ed8756ae92,
02f0f58e-3904-4175-b545-6ed048a3b0e0,2d768997-428e-4f9b-b962-83c2ef9eddf0,
8198c74f-2e3a-497a-aa96-e12a4a93c0a4,31ec6057-bac8-49cc-a3a6-3da80f7b6e76,
5615dd22-74da-44ae-93a0-3448cde40ae8,c6564398-e025-45fa-ad2e-e5a411b4d3ca,
eeb7ebe0-dce3-4797-bb04-c2f4e95f00fc,803f3cbf-6418-493a-b70b-d5f878891cfd,
edb198f4-2bb4-4839-b134-7519526e07db,4fcca226-6d6e-4831-8173-71575bd0fb34,
d117c847-ba3e-414a-bb55-14e169825fdf,e855ef00-d673-40b2-9c5c-240751c3846c,
d5d4adf5-1829-40ea-bebc-1f6671602cae,f75855ee-d0d3-453d-a5a9-5539e1b3ad46,
abfc5f4b-0750-4954-9a44-11f138f94f3e,0dbc2216-64d0-4740-bcd7-af225f618220,
bb5f1d26-83a4-41cd-8261-7f5863131f3c,24037ef5-3521-40b1-a05a-8f470c78a4af,
926c8feb-91c8-436a-82b7-6d87110501f5,5f3e1ddf-34ed-44ba-8bc3-33e6f218f4ac,
6a3dd789-6919-491c-a0cc-8a76ee3b7f28,f2bc3a9d-4172-4ea3-adb4-bc3f4b3c7116,
a7370cac-1204-4b07-9258-36b03c35ff36,a2687b41-af84-4afb-9623-a45a14a58b66,
9767825a-3efe-46e2-a47f-7a019adea5e2,6dc317a4-0087-4f42-829d-9bbe7b8a28cb,
7359c171-8f66-4b6c-a4fb-dd1f48c1d736,7db148b8-fe54-49ea-a773-61452fcaa6c0,
cb937e6c-1407-4f6f-aec6-5eb4c0801382,42f06723-f414-4d24-846e-675f8656460f,
b77fd0ad-90c4-48b0-a877-f19a08e5af90,c0a776d0-8117-4141-b557-9d9640ef65c5,
7a614d85-973e-4a02-8ad6-b4207c557303,bbdae345-bd80-4b08-aa43-b00863a37ecf,
1d41cd4b-e77b-44f0-9d19-4036ea6716c3,b964f2ce-2842-4eba-b101-30a1d0b63488,
75c9159f-6493-405f-8dff-fe6c19f3fbdf,8da09503-681e-408a-bdfa-83841667ab28,
06283e51-cb02-4485-a05a-bae0739da23e,93738c2a-f3a1-4af0-b833-909677b2b610,
ef80b725-604d-4d77-b5fc-d49684e7277e,679653fa-4eec-48ab-9d70-0d1d0e34226c,
bd66eb39-409c-432b-b589-e935a9952d6b,561a5290-7601-4b79-8be8-76e098f11565,
8f7a7008-510c-48cd-a69d-e9479b583c11,1c1a4542-786c-4400-a2f3-eb11a4fc389c,
eb461114-eb88-4784-a21c-93c508aa287a,4dcf0f2d-e666-4d0a-8def-023fef8ffb6a,
1bda96ba-83d5-4e7e-b80e-15a4f376d867,ecf9151a-ca3f-44f7-a4c3-2491daeae0cc,
9d81ddc2-b381-4d11-9725-8784433743b1,e357be60-5c3f-460f-9b16-aab833dd5ea7,
f11f654b-f5db-490a-85d4-dd7c0317213e,6513d6d4-4f18-4f90-a3b0-b27bdccfd06d,
a600fcdf-cbc2-4018-8dff-e7414b88889c,71faa121-0588-4a98-8846-b70a6a7c67a6,
0460dfcb-be33-430f-a494-e72af27bf95e,90191def-2d9f-4db7-9797-f27e62d1a015,
4610a7de-c8eb-4112-8774-e3d8eef719f3,9cb85bc2-47c4-49b8-804d-302e2cb16d49,
17a49921-7ea3-4ea8-a08b-8e0e65be9eec,007139aa-17ba-4b07-b2b4-27b06ab2c71f,
d178d467-248f-4357-ba0d-3a35401c46d5,91642744-e5a8-4652-98fd-f569981bb90a,
07ff48a6-c7a3-41f2-b8ef-b2f2c972f598,609fac60-f924-4acf-8fa0-65fe971ec302,
00ca595a-795d-4ab7-8167-08d38102c0c4,22b7777d-af73-4673-b2d5-2c3c5c848701,
e98a150a-ad6c-4f10-9846-e817c81faca8,1f4cd626-44e0-479d-be61-1f3ce307ed67,
b38f7b01-c4a7-4dd6-b780-2243c7b00236,204513c4-c30a-4437-8294-154db284d650,
a1008d6f-ac06-4e1e-99d2-778d1e81db8e,5bc27bcb-7d76-4103-babe-140c8e499a9a,
8dde4f30-54ab-4fdb-a55a-884081682816,1d193820-9412-4d14-8fc4-1b5d117fddf1,
1ff8da96-8d14-4e13-b6f9-cc63aa3211f9,1f26c1ca-0369-4c01-b8e2-516821b993bd,
0a00f566-dda4-4fe3-b923-778f1bd4476f,2b736df3-5cb9-4130-a4df-23ca7a259a79,
97ca8986-1543-491f-b1af-e13437062b4b,dc168eac-b2a9-406b-9a90-f312fa674f62,
c446bf38-45c8-43b6-96e2-195a470f9be8,60632221-a090-4089-a2fa-f8b7035d39d1,
dab38868-b225-488b-8e30-479c5476142b,a1134615-cd84-4082-b8f0-c1874f9c5ad9,
e3d91a8c-1a99-4309-b5d1-df233d60aa63,bbe44d5f-0ab8-44d3-8ce9-a981290a09bd,
2b784d03-cc80-4ec9-bee7-84d81bf8e90e,2120d622-5800-4779-bd10-fc87908b1da0,
681a56c1-9266-4300-8a60-965a99c53a0d,c204b266-2943-4311-a090-8a00051b33db,
c69bf52d-1fbc-441e-ba3d-179d21aaf6bb,feca742b-1317-4337-8f68-06bf2918e90c,
f305890f-1862-4e2f-9473-5e15577b2251,07ae9f16-d53a-492e-8e94-1b3c46a9b0a4,
a8253963-61fd-44cf-908f-b68f6bc00d58,0c3e444c-a5b3-4b6d-9cdd-662af770fc97,
9e4a0b9d-f38b-4639-a4bf-ea20d06f112e,3f12ee3f-604f-448d-ae56-453e262a7dd5,
a6d42a6a-24f6-4ebd-a61b-93d98ac9b989,c037f9d2-5683-4272-844d-3d95b7869b74,
48e37d39-1cd5-4e55-89bc-bcb79652e61b,20f421f8-b4fb-4eba-918c-d298c24d1f30,
96c41813-2dd8-43c4-9699-c6d920c23e46,e38bb22c-d332-4aca-8289-77dc43e37645,
104812d6-4afa-44ff-b4e8-eea08d8ee0cb,11fb4959-6bd0-4cdb-b0e6-ca542116f5e1,
5b0c52dc-357f-4c62-a761-4b3038614e97,8ab31891-e583-4ef6-9818-18b28c74c444,
e1e9acf3-03b6-4be4-a227-309f267ef8ec,5f9990f8-bc05-49f3-98ad-b0266e75ca7a,
34f2391c-b3e3-4783-af56-0ddfded7dabe,c01f32ec-799c-4802-b01d-7e029f012493,
6496edf8-246f-4ada-bb2b-66113ae7d4e8,509ff96b-342a-49ef-8dda-94d1948388e6,
c894eb4a-8b3c-47cb-b70b-7b29a44e529a,0a53ec5c-fabf-42ef-9461-d3dfa8ad340e,
43482da0-6b4b-4bf6-b91d-70faa3526d82,7527780a-b21d-44da-9380-e09fe175361c,
5b8c6525-c0da-42d3-a4db-4bf128d80f04,1b3e193d-38b2-4097-8cc4-a4eb3c32a51c,
d269553b-4915-4da0-8fdd-8c3908a997d7,d955c615-fa27-484e-b3aa-a48cc836e71a,
a892c82f-e78f-44a6-8891-a2873ba0bacb,9627bb57-2bde-4817-a42a-0d8cfe2a9c29,
aede2e8c-284d-4676-9801-422327ce2a93,5fbef173-14a5-4a0a-8fc5-197b5eaa72e8,
61ff6442-ab1e-49b8-986d-973caba2c4a2,572db4b0-7b43-44cc-8353-16eee9ff9b26,
b39fb1e2-8df0-43af-90bc-a68b9a9701ed,b9b55746-1af6-46eb-8e99-02907339ae34,
7908714a-7a02-42c0-ad99-07db2c068710,998d18b1-2b51-42a0-958e-78d601a8a5b3,
aa52eccc-51cc-4b2a-b563-d75b28788001,0bb8a402-ffef-4db1-afd1-2800bd905302,
ab8ad014-6e70-4648-85e0-fd7a315df104,04d71070-fd7f-479b-9a6c-fe76f7008fd7,
804f4479-0e94-426c-ae63-4703494ab0af,a1294cc5-0492-4f54-8d47-8de8099be23f,
9a980e28-177d-4665-95bb-4d6e6b84aaf1,00ede26b-c481-4e2f-8028-303b875f8d1c,
78a11d57-7ed8-4909-a54a-b7cefe0d6ce7,775b9aea-c98d-420c-ae5d-dedfcc106359,
4c2a7b9c-f6b2-40f4-bb87-db98d5c7a961,0ca1a6d2-f336-478c-bb4f-4e4a388a80a2,
d053035a-9cb3-4551-b221-578ec0261bcf,08e73f2b-d5de-42ff-899b-fff64ea4a40e,
6fb1dff3-608c-4fb8-ae61-d3a6b011857e,9bb81fd9-f4a7-41ed-b3a4-2017a0364393,
a1955cea-d457-449d-a8d2-124aab4099c6,b068b856-8618-4ef4-95c3-9dfe490c587e,
b2eef30d-6bfa-4256-9dfd-273dcfb7a615,28034899-6349-4e63-acf1-dff84c06f475,
858631cf-2346-4eec-b8f6-07e529c8b3be,42748610-30f4-4261-bffe-89b22cba35f6,
3814b748-ed0f-4132-9ebf-f54588e68902,16fd0ac7-ad05-429c-b69c-5f16dc99e6d3,
25eed4b6-ad6b-4787-a59b-02fc3da93788,b8eceb1f-0b23-47e9-bd80-5af148b8af39,
33bb76aa-ef99-47a4-8efd-ab6c7565391a,bb203409-4aca-4db3-9ff9-c973fefac3cf,
f651af1f-ad1a-4ee2-a8d3-8619c953beef,e8b5093b-8d78-4e4f-95d2-c557ecdedb57,
da839c8c-1550-4648-bbf3-e08faea7ce7e,84c11090-b35c-481d-8584-bf15ae14e9c2,
65b668e9-dbf9-49cd-841c-ee4850d22971,0b231b97-7a85-4c7a-bbc7-0b06fb11afd9,
c1c873e0-b36f-4225-b677-a2862c318087,3aabc411-d77b-4736-9c45-6e6623c832e6,
2215c36b-79a4-414d-bcb3-48ca45914b96,d9ffbca9-e3dc-4338-98fd-e75680c1a289,
dd3d44f4-dcf7-4f73-9864-78f1b12216f4,8ee5d382-ae9d-4eab-b072-eaa0615c6968,
28a14085-c547-4cae-a7fe-91be0f249c25,d2433f73-9d65-446b-a649-66917f3fe4d2,
d87333a3-7995-4a2c-931c-0779f193478e,49969723-2ccb-4529-94cd-19e4d93827f5,
8f7eb10a-bd81-4cc2-82ef-4cd9f9e64eb6,f3ffc350-f0de-4c65-af21-64988def8ed8,
86e5d8ac-428f-4e70-93c8-74bcc86d74ac,925d099c-58a3-4fd1-95f8-a0cf94035d06,
601e92f3-5883-4a33-8223-d12b4c8955bf,543d92cd-483e-4317-918c-a569d0af7cc0,
37820888-5430-4d7c-8e2f-80127157c0e0,e73c8633-2f58-4f6a-8b12-07779aa87a8d,
48ac3633-5989-4f55-8c32-3424431d17ce,6cbabd63-6bbe-4d2f-b6f5-1bd16d5c5460,
fe5601a3-62cc-4075-ba66-2ab8b8c350d9,c884fbe3-cbe0-4b9b-89ba-23919d314fe4,
1ddf6c7e-be0a-4554-80c0-996b288f3d87,3eeb3079-25ce-4553-8513-6a82190bb7c4,
681659e8-1522-4e45-8144-2d8c8b83a069,79d3135e-5e8f-4327-8df3-46599b70001c,
480ae3fc-452f-48af-8ac6-df5e0427121f,0d5700b7-b4f7-4756-aded-57db087420fb,
b61ea579-6257-4eaf-8c1c-6c760f5fe9cc,152b45cb-92d7-460e-9834-3df836c469a3,
3a875a80-ef6a-4686-9684-bd13217e4d4f,5680fe17-751c-4072-8e99-3df49595dfe9,
9b611798-990b-4b03-a0fd-2bfa0133c4af,8ceae47d-4888-4518-9998-f56097bf1290,
4ec77d43-fe7a-4320-a5c1-e9200b8c36f3,67a3a388-63f8-4807-a922-47db70c06b8b,
939ce3f6-72c5-4f71-bc37-0fd257dd4e32,18ac6f61-4e73-4fb2-b971-7a332e39581f,
e563b85c-6bf9-45fc-a6c8-0ec48f3b711b,4b8b7e73-bfee-40e7-94ce-a30a80776c22,
c4e8a2c1-66bd-46f4-ac41-ccc9953e7a51,98c85e3f-1cfd-4acc-8688-5d409d5a0343,
4d725f91-531c-44c0-8544-40e4fc54cc68,57919d0a-56e8-4e97-ada5-286b83c63c50,
98e32f92-9f8f-470a-bfa5-f4cf770c0ecc,2f7e9cc5-b1bd-465c-acad-29b39e125a56,
b778c6cf-c6aa-4b88-8268-9b88918dbe35,5260156f-80b8-43e3-b4b0-5c122bbffe0b,
c31dfa82-f9d1-4425-bdae-7a13dc68c895,b1e50e2d-2d31-44cd-a447-9fd98a4f3747,
5a6a8e73-4192-4063-91a3-b8f1ed0607e9,fbdcb7f8-8ef0-4b67-8475-12a7558c976d,
5ac2890c-bbc6-4cf7-8584-0b1a2fbb1c5e,beb68334-0260-4ae6-a067-7bb54bc3a69e,
da1846d6-48c0-4a74-8e09-a4b01934a85a,a6bc8727-565d-47d9-8a1a-8f51e0a6d792,
39c29c0e-4ead-46e4-a55e-7129484219d3,cbfb0cfe-6b8d-4aea-8331-be12007254bb,
8e39c24e-4a1d-493a-8127-4ea7dd955fb6,b392c027-9263-4d8c-83dd-2a216aff4176,
b7547bb1-713d-4f2a-8a5e-82e05a749b77,6fabe280-3fb3-4c7c-bed2-cd36420c2fa5,
92f742e0-2056-49c8-9b78-00489c948779,6f9ed3f0-a2e5-4329-a5a9-42fedabbc3c3,
c73eac7e-b336-4fd2-baa8-b15076ed590d,c8e98cca-0db5-4ba1-bf07-1b849c4e436f,
2385b468-064d-40a7-a74f-f632b68704d8,b491b06f-1072-488e-a53e-53ee8d332ee2,
358293fe-078e-4f13-978d-3f2756a86b1a,00165687-ac02-48e9-8e84-c3f38ad3724d,
581664b6-2929-4752-bce0-e745d4bf831e,a032660c-25d1-455a-b90b-9709d3f2f21e,
bb288bd6-d0e6-4339-9bd3-6a577fb5cc81,16174540-5e4c-4185-ac82-98063e578fc0,
8970c907-8f4b-4ba1-a4da-544b88f44aa1,373e3b95-8199-44b0-94ad-87bb915b19da,
7b7b2051-8ee7-43fa-87ef-2063ef69f3e5,494b1e51-7cd0-4e0b-baaf-f4c6ebe0948d,
50f214e3-7612-4ec5-8e11-25216f494fb9,5ed867fd-330a-494f-8b94-971206de1642,
f3b2e3df-9edf-4f9b-8f20-91524287b609,18721ca3-6580-47dd-b856-88cb65677c7a,
f89e9dc2-7047-4bf8-a3ca-92850b3f570f,d155b4b7-7964-4de3-9424-07bf1750ac23,
37f81102-cee4-48c5-a7a9-5df3882c971a,1c20caf7-32c8-4db6-ae51-d1f27396b03b,
3d394301-1324-4338-86a4-f849314afa35,1905dd0e-3279-42a4-9fc4-a22ba0cf707c,
6f0c1d7a-57b6-4660-b2e1-57fb01ce3a88,2a9d906b-c669-4645-b207-42de14780124,
f844c4a5-7b68-4bb0-b927-23770c486b52,26e9d59b-9d7b-46dc-831a-39fa50998058,
edd2eea1-97f1-4353-88a5-0d585fb66feb,9aec8e7d-ada4-4513-9642-fe5677fa93ba,
658737d0-667d-43b1-a074-b1da46514038,a20120a7-0c5b-4247-9568-0758ee43cb08,
c5e34a49-79ac-43ce-8d7b-6903eb5f00c8,e6a8d94f-312f-415b-b110-31fc5dc8d9de,
8735144b-240f-4b96-8317-c568b59274e7,91bd7e28-bf6d-4444-9278-efd61c8ad5c2,
abd4f925-29cc-4986-9425-89ad8bffabc5,6aa2fe05-ec11-47f7-9d36-85510e568e06,
51849efa-4561-469c-92f0-04be6138c426,90ee8760-1727-44e2-b623-cb3359d0dc2d,
f88db34f-7b47-445b-ae73-8538e7905b81,7de45e0f-4eac-4b16-8083-5398e594fa5c,
22da83bf-5b1f-43fd-af76-c5d710ed64b0,c9449415-0305-4efc-8b74-c4916fca95d3,
43564244-2e58-4f8c-b704-037a5fe497ad,87d51641-7ea2-4935-b598-afeb372d8715,
0fe2b913-a6df-422e-95f5-a7e3c4c45cc7,c1501d01-14a8-4699-b551-c9f5e4822e83,
2610e580-e7fa-476d-9262-c17c9b08ef2a,7e2283b2-958d-4724-91a4-5328984d93d1,
870e3146-ea69-4304-ac36-76688be37919,09258382-0125-4cb4-b661-c11532b9b268,
cea24136-2f06-4062-9dee-6bbb207b4c36,edfe4c6c-4193-45e8-991f-52383e42b7e1,
42d6bb7f-e592-407c-b594-9875cd4652a9,fa89d82b-6b76-4056-8c08-6dec96e2edbd,
4274d792-d3e8-40d9-a96f-e33970c470df,07e5e4f2-c982-4eb4-ae60-9167264794e8,
6eadc3c5-bc6b-4081-9229-6c26f039e858,1cfa1ad9-b093-4135-b4d6-5c7c69c03345,
2a588fa9-7256-4607-b306-a667ec8552cf,d0557077-b2f6-4cbb-954d-fc0aac701c70,
272c03e6-253b-4446-a766-0a45420661c8,9e1bf71e-cff3-4bad-bb67-b8b37d358e60,
63fda730-a4f5-4d72-8c1a-79e0a9754267,be154ba3-e2fb-49ba-ae72-783c7374f756,
c799a6bd-028f-4135-ade5-43ebe1cb0dbd,25f1cdda-9fc6-44a7-a81d-987606384a1e,
aae5e6c2-3904-4601-b795-3ec874eed8f1,cebee7cb-5d8a-45ff-97f3-c79ded3840c8,
9482d365-3bbe-4c3d-a62c-7a37325ab18e,ce47a240-7a7a-49f2-b4ae-d74010a3e956,
2296d56a-4150-4142-9e0f-f9a34757ea7a,c7fb26a2-2765-41a9-a659-4b390a035bff,
a0770e05-d062-487a-a914-a94c3eff7c88,e67e4c17-d5a2-4367-9da3-c72f3496368f,
1c8e26c9-27ce-43a3-b421-5aaed73a33c2,6769a89c-0ee4-4347-8673-37997343524b,
23ad1f36-7043-451c-b395-39c530aa324d,43340fa5-1669-4c89-84fa-198b4da591ba,
d7513128-66b4-415d-bca6-07d872bbb1dd,089d0643-8810-4263-86cf-bb9e4dd8fcde,
efe1e1c3-19a1-4b40-afab-2d474c9def79,d59c9c75-25ed-4848-bccb-375cf358c6e3,
a876af3f-2519-460a-93aa-18c4ea2c49f5,48b3aac0-30e9-43bf-9e3a-c0fddab521e3,
65d54b14-ed35-42fe-8310-0b7c61c0a771,7be740b6-538a-4734-a8bb-f14a7792c584,
92f8b2af-f95f-4423-a1a1-981b96df0861,c9bb2ba1-2b94-4713-b406-3f4565ab8a17,
37425229-9fc8-4e30-980a-a6b0fdb37224,d25158d2-1ba0-4013-85a3-653e1cc00533,
ffd1a00a-2a20-4d91-ab62-d9fd64f192e9,89cd75c0-7dcb-4a9c-a145-f2570ea5bd34,
90488363-8dbf-417d-b3d1-6d2168e18540,faaffb4f-3f3f-46dd-911c-6e785897c2cf,
f467cd8d-72da-4e62-884a-9a44cf067b86,e8e5ba9a-28fc-43c7-8545-81c438146584,
8f810827-a31c-4f4d-86d2-292cbcdfe520,87273fab-f9bd-418a-9d4e-a746bf75a3d7,
643c87bc-ed57-4346-b857-2c006e76d3a4,dcf681a8-1d5d-451c-a866-fc7618e2bc5a,
5a369adb-c1fd-4dc8-8153-466ae9dd7b34,531edd76-5e1a-497f-88e2-a8bb775c73b3,
e8b0e536-7c75-411b-a9fb-dc05147add5a,655aff1c-0e2a-4d59-b5b2-b2a2505f5b1f,
2a9e05c2-f276-4be1-9fd4-59c71629df3c,6778a1e8-8c93-4129-8ea6-7251ec7d1a33,
f8255c43-ba3a-461c-a8fe-f16092949e2a,4431dee6-7910-42fe-b076-54688c43f165,
763da15d-6121-400f-8f84-74fb07f2a25e,f4ca8a07-6972-4d09-981b-81d24c1cf573,
07843038-3eaa-42e8-8c5c-b18dcd85f7f0,58787c70-7e81-44b1-8c96-fda8307cbc42,
84c87d8b-156f-486b-8465-248b654cf151,476e1798-5309-41ec-9cf2-f6887daa420b,
c11bce3a-66d6-49df-a6e8-9472e50da1e9,16914c4a-736e-4916-be17-a470db4625b1,
6dec9895-2980-4acc-adc1-8341170a4dee,22bbe9b6-7d7b-4dde-8eb6-2a9355d0f60c,
1ea796a4-330e-4115-91cd-4dcce073b05f,1daee830-b698-448e-9549-dedb52942115,
9c7b74f8-6e6e-41d4-9890-6d26e360baff,a4c116b7-c306-4b3f-a23a-76c8a6da0a0f,
390d0d8d-3e49-4159-82c4-4d3d875af747,55783d6d-d2fc-4534-b5c4-77a13ef040d4,
8cd3c45e-e831-45bd-966c-17ea05148e02,8af87712-b1e0-4fff-8ee4-47414c0f4a3a,
dd68336f-12e3-4617-9669-44dd31f59b5f,9af75a6a-79bc-4c83-affc-4e27e6046197,
31e3c5d3-822a-4729-a432-5483e6341860,8009e06b-44cc-42ac-97d1-9fb45ed20566,
185d06c5-f554-4663-93e7-29eda3cb353a,d0f6ccba-cff2-4685-a502-1489c0cec3ca,
6212521c-6728-47db-ba26-9de7e3557132,5f3980f0-c6fd-4fd3-af53-3ba2b14e76df,
ca3934f2-f6e4-4c6f-b8a6-4ed317c0fdd1,cb17c8c0-40b2-4bbf-9a0e-c6d5c9cdee0b,
90c2c336-844c-419a-8f14-259160dd6a06,ac4d1d73-edb2-4683-9518-6cb496e62a81,
421ff0e1-d581-4f53-806e-c9db34c22cd9,0112c178-2d1b-4ef6-a48f-d276e75d5664,
8ba66708-5bd8-4e60-8b2a-0a41ab08a0fb,8acc90e9-a544-49c0-af23-45b6dcf36fde,
ad6e28d5-3308-45ab-82b3-860f2253d1c8,ec306e78-1960-4fd8-b888-04d1c43d9a39,
3b0eb2bd-6a8a-42ed-85ff-9e3c994153c9,1033cb14-29a5-44d8-a869-00885eca5c4d,
6e6bb83a-d6c9-404b-8a2d-26d88a57a431,017419c3-e2e6-48ec-8951-dc4bf04852cb,
57b8a65d-b85c-47b4-aa84-7aa82f22f3be,324eff86-45c9-4cf4-b549-553d73c34ac0,
20bfbada-2434-4b84-9c75-d3d105d1d730,5bd5132d-8b84-4b8d-b542-b7ef3e255a48,
6a951283-49b0-4131-a4d5-75c9aae47e2a,8424ad14-8c53-4130-9d57-c4750d909f39,
a41e0ef4-423e-43b4-ac89-34230519b3e5,79059e50-5062-4ae1-be1b-ac8e1995addf,
7ac50fd6-ea11-4e05-9216-3b58805285ba,50405067-bcaa-4a9d-b113-837d26277e6f,
19a5e207-1115-4b37-b7ba-206415ca694b,3730d8f6-9892-464b-be38-3a3d69583cd9,
d3f66e8c-8138-41ae-925d-640fb5c19d07,c8650957-797e-47b6-a302-0d2231995167,
accd5402-8a96-4d21-9203-99a3e9e936cf,68f21082-48a5-4d02-b2d0-522f6311a8c5,
99d28172-ed36-478d-8e03-637c466139c9,7f40efcb-e916-4d4c-ab4d-d96e4fd367a6,
5d53729a-649e-49a3-8fa2-292da695b12e,eb650de5-b74b-4ef4-962e-8169db1a207c,
9b71c389-84a9-471d-87e5-6ed39d0d4ee1,69ab0853-786a-4443-9e26-577c9e58d057,
b85e4dde-c0cb-4758-b5c5-7a0b1c494e8e,5e2ef53b-1d23-4db9-838b-9d5d6326b559,
a3a3ea75-9aa2-4ba3-9f33-6d3bdbe22622,31d7fa96-e5eb-4b06-9220-b1f705f0b38a,
a801be74-60ea-43c6-9b18-de0ba0303cda,8234a680-44d3-4dad-99ac-145a38f9841e,
a383471f-3a3d-4a44-a936-281686c79cf8,b806643a-944c-49f5-bd68-53990780a588,
c9e627a6-c9da-41d1-9327-525aa1043a57,58e0dfe8-08c3-4ae6-84d4-c6adaa3ce10d,
d6aa691c-5a4b-4513-890a-dc9ca733fb90,9d136cc2-17ca-449c-bb0d-ce95497f7e64,
fa4f8ea7-dcd5-46a8-804f-d01983be4ed8,65c5c368-de9f-48e6-be91-792f0ec70f3b,
19ac9af7-080e-4e3b-bab9-3a7c8334d054,0dba91fa-d99c-44d7-9e6d-d46751b06cd9,
3942ff2f-1ceb-4ef8-a2e3-e0e9d0a27266,1be6b595-edb0-4bb4-bbf7-bbd5ff856348,
347f327f-77e8-4d2b-b928-f75fae5556e1,456fd07e-10cb-4623-93ca-342b16425d25,
1173e3af-d46e-446f-97cc-a9d77957de96,34dfe9ff-e24e-42ea-b0d4-6c31e5b6506e,
499f6d29-a32d-4d6f-aab1-e86222a14401,674fb4b8-2870-4281-842b-6a67267966c0,
59a7e451-220c-49f0-b0bb-948e4f533b8a,4e7454de-073b-49d2-9437-f72974fe7fb5,
e3838a82-d616-4fbb-97ef-c26449aa9b80,3806a0c5-0210-4927-97df-60259f8a4485,
f5750fb9-2d40-4cb6-8059-9560b5737aa3,34699147-8b92-4df5-a5d7-45c015f44057,
699232b1-e28e-4296-b360-af150ab5c1ff,39609a72-422c-4c09-a1aa-2a7c81d8eaeb,
44bb93ed-9e2b-449e-94b3-08d533a32ae4,69414e11-8400-4cfd-96c1-19c37273efb1,
ac798abf-fb1c-4a12-a1cc-1497ebfd4678,eb3e605f-e449-4faf-ada4-df1c7eefcfbb,
85a4a894-27f4-479b-befa-a15f8c70ff01,a5064598-9a96-4728-9156-fd59927a135c,
e331d148-12ed-49f7-b390-9f20ffaf75bc,7b5f99ac-f1aa-4c8e-9e34-b134d806e8f3,
ec917887-e0b7-48d7-b8e6-01889d0ea2a9,270bda04-490e-4e9d-abfa-397185e0a357,
c6887545-338c-4ae6-9c1b-b3084a53c46f,86cc91ca-8293-4337-bd29-7bae609a5a08,
e7afccd4-ca1d-49a0-9926-85654c10e766,43abe771-4f1b-49be-8220-634592b28c91,
f9c17bcb-43e6-4aac-a755-8cf3f7c26e60,a33d52c3-b10f-4327-abbe-92a894653e94,
1b85d51d-730b-40f1-a6b8-996173446fcd,d22878c5-0d18-43ad-9fef-c115f9798509,
b08f0be1-fd4b-4787-bd6c-21dd9d99cf97,ccb7daaf-4cf0-449c-9303-b3fd421736b0,
64743ec4-dfa7-4c16-a5fb-933b13df9161,6cf7985c-5c2f-4d73-ae70-88ef0e4eb9de,
e66be7b3-10e9-4e31-93a7-05b6875648e1,f95e49a1-55ed-4faa-ab93-583f12ac506f,
f5137c1d-3e53-4ebd-bc52-788b84e78465,594e3bc2-8b50-4681-83c7-3310a418ee37,
d1a71eb7-bbd9-4b40-a703-c40ae9cba68d,904444fe-1850-4338-97e4-56a34a39aa46,
2b2c06c4-b995-49f6-964b-48cb22f75d6d,bb078f19-3e39-46bb-a1ae-ed5871bc88b3,
9be9fc0c-14fe-40ee-92a6-9031ba9764e4,d12d3284-0a31-46de-bc14-51ecbc1f9d72,
eb20f6d5-799d-4b6c-b490-d47153684fba,75bd96cb-f179-4e6b-9ebc-c3582fcb0f41,
8b1ada19-caf0-453b-b22f-cdd0a38b45f1,f6e99b3a-08b9-425e-97e8-3175102c716d,
d5520a5f-689b-4ea8-9661-99ad40eba793,29ff79b5-1a9c-4af2-a6de-3a15ec6d4619,
24ce7207-11a1-4303-9785-53622f8b7612,7127f150-9b6c-4d66-b13a-a0c3290db313,
0379796b-6907-46b9-aa19-da0f5a7689bf,59444457-1b94-4f7b-8efb-948c149b8990,
616684f6-d189-46ce-b150-5cb465c0b0bc,6f7ba1f7-6a5c-47c0-b2ac-4b53c666e1ae,
122badad-33c4-4bbd-8bd1-e85928bf5263,ab6c29a8-20c7-44f5-9863-64d1bafe180b,
ae9df0ed-0abe-49a3-8f2c-fb7e5dd4625c,f8d1b88a-85f9-42ec-ace4-b114dba91161,
655782aa-00e0-4ff7-b68e-9223159d9dbb,a0ff1ed6-213b-4ae5-a2d7-00e525188092,
202b5258-03c5-4409-8f21-39f4ee0c64f0,08c965ec-a76a-4fd1-bac0-7eaa94e6616c,
978f2aa1-8f78-4c8b-8fcf-7010237899e7,6c50ef00-222b-44ed-8da2-790ca94c8397,
e189a52e-5042-44bd-9bfb-2f99047c459d,7a863c67-34d6-46b8-aff4-d59f578ffe5a,
291636db-b7fa-4c46-9aa9-b72e62c8ade8,db3e7295-6280-4ba6-9ec8-dc12e9b8047f,
2b2e5040-a490-490b-aa84-3e24ef19282b,33d9410c-23fd-4071-a7f7-c36fde6a1ae6,
879e5563-0703-4c49-ae2d-47260f81f483,60b41c3c-5f1c-4de2-b345-f0230742d6e5,
ac15bbac-45c7-48e2-8db1-359dd344ef4b,7e87d983-26c4-410e-b0f9-99f1cf9cfc45,
5262fe1b-d59a-4287-9028-3390639c596e,29d1cd5e-d60a-46ee-afaa-c96620f1d5ee,
29db71da-d2ba-4ad8-bdcb-d1e86db28aa1,64eb8f2b-6bb8-4209-b0c6-29ca56b50636,
4160f2c2-a5f0-4833-b692-1a833e8c2157,c0509731-b658-4413-91df-0eaeb0780a27,
afe0e1df-1c95-4c34-adcb-9ff118175c74,f179f7c8-8727-420b-ba2d-fe791ec85116,
0de44ee4-1222-4e78-a91e-09b7fbec2d5f,0c9d655c-6d91-4803-858b-d76f5fd9f865,
34e5ee07-9251-42d1-b65b-128006ae8773,60d0cc85-0c49-498c-9c14-2fde7803f1cc,
038ce4a0-f5ee-429e-9ebd-5c6321740407,98f61d08-a669-49dc-bdff-748ea1a07a09,
0d60076c-3652-40d5-a4f8-2d67bd521c90,0d98f7c6-a284-4533-97f8-b48a6823605c,
512e7748-fea2-4de9-96c9-c428e21e3b0b,9d411d94-d8b9-4066-88a0-12c06f7a5263,
0ea05f62-c694-4350-9ebd-5b385ff4b4b1,7357d620-851a-4fca-9867-22838b86779c,
7aaa155e-86d7-4d4f-9921-163ca3b19250,8b318e22-7523-421e-8674-403c2b9ae983,
1b3cf21e-6906-4708-a901-d9cb42386daf,775e6daf-5d88-4bb4-88ce-30faa5de5f67,
ef758236-747d-4fb6-abb8-8b2bde5ffd78,7af93ab2-021b-43c1-a218-7a1dbe3f1f01,
3d9e9626-765c-441a-b886-95ef2efb0229,f79b1d24-b8f4-4e74-965f-56108955d39e,
fbbff075-c654-4f3c-944d-5d8186c6af5f,b1958d6e-03e8-4056-9d22-4ed40706eed0,
847bdefa-871e-4726-ba73-ea17a03fe3cd,5187b622-7657-4769-b077-509dadd0ffcf,
0af11601-7ae8-4ccc-9c17-0f6a8db0d66c,d45af3cf-2c28-495c-8c59-99db85e20abe,
7d059faa-0544-419f-b049-7f9fc936096b,c29abdf9-6503-46f5-826a-f0afc39f1d40,
79435286-4f07-4616-a51f-7946f51f7343,1656a7a1-1c37-4ae8-8e4c-e65959104b8e,
e2074f95-8a94-4dc7-8344-c5bbcc237dc4,558e9903-294d-443d-8aa2-03b0d42dd2c4,
8fee3b19-6ceb-49b1-bdea-ac69227b5236,9a020020-57a2-4b46-b277-bab5c016e074,
c39fb045-eba2-4806-8c8e-db81bc6ae322,244686ad-6289-4f32-bcc0-03d6c1eaa119,
3272fcd8-9be7-4ddc-a567-1ba94c11541d,e3c3df29-9e72-426c-88e3-686199962675,
ee7a0dc6-65ce-489a-b700-6cf0c47babc6,95ae5069-ab65-420d-9a2b-0850a9aa745f,
f201f39a-e625-4958-95a9-c0d7fa930c7c,6c6f2b5e-9b4e-4331-bae4-e1893df67bc7,
589cc6e8-e495-4d9e-86e0-d517263c304a,cc32fdf4-1aa9-4c39-961c-f7680312848a,
767642bc-9fc5-413a-b782-44fc6a05a1fd,4a9390d6-b0ec-4120-9763-ee2c890cd3a1,
d99cf8b8-3c24-4924-b3c8-a9c866355e8f,8ba7072a-52ca-4778-b44e-3bb9f43acd56,
0d7896bc-2750-4599-85bc-28d1deb6ca63,9b789b03-3c6d-4c37-b8bc-70a55f5cea4f,
c05d0d4d-7f45-47f2-8777-52d225fb6e6d,b6633a6c-474c-486d-949b-13c8e6ab712a,
7a1c7a00-52d4-4faa-a10b-0e29fdbf29de,d619e146-b61c-42b2-a802-ec8cfec9237e,
0b87c0e9-ab3f-42e2-804e-8b56ac5e6f1a,593740ab-9472-4353-a3fa-710cac5d97f4,
1eb6539b-bbbd-42a6-a083-32f7d3dbd64f,f862fab8-45c7-4a63-8885-2e755067fb42,
90373e9a-c545-45aa-a894-df33cb936ed7,d61248de-ac81-4524-92e6-a38ffd744ed6,
96f3fa86-bc09-4c82-b0c3-4fd7c810f02b,c1e991c0-2a08-4b85-a959-a3d1536630cd,
6594386d-b2fe-4cad-9f0c-dc927c48ed6b,b75e39a3-f2bc-44ab-8c5a-6448ce82cbce,
c83be0e2-ae1c-4d15-bfb3-88bb15273b7c,96560a93-87fc-4a66-97cc-f1f3f97cff3e,
6ef267df-77b8-4635-8a33-26a8150b9d34,6722a3f5-8ec6-42a2-b614-571a707af407,
eb9bf17f-8a25-476e-bbab-8faac0905b4b,a0278d29-2ae7-430e-9120-56eea919697c,
f2e5f2f8-ecc5-4ace-8396-0536d2fcbbf3,3592513a-274a-4dc5-9d6c-75dcde27aec4,
49a0a1de-5bab-4629-ab74-f3f941fe1850,126b1f6d-e442-466d-86a2-8a3986761aba,
aa8f67b9-0e90-43a6-bd4d-ee0bbd2455c2,c3c40656-f08e-494b-bf43-90a20e6667ba,
0097fb9b-e16f-460a-9982-91460c064b20,d891f7c6-fb5b-44f5-b618-f6369bf1a864,
6b74cae6-eec9-42df-9893-b09474b059f6,17e9d064-e6a6-46f4-a91d-c1bd7284961e,
26370a82-c714-4779-b840-aaa8b56383df,e38c969c-7ee1-4dbb-8054-2fb5a078fdbe,
1e4d0454-8c38-4f7a-93d5-95dc88e94271,c097e555-a198-469e-a391-bfd003332a23,
9e292e32-5883-4079-8d47-0da22dcbd151,eca22993-0bbf-4372-aa6f-cf6cda9f6f79,
8f113ed4-3344-4c6a-bc12-dea1981a8be2,65ebc847-6ed3-44ab-a68c-3416e957a492,
724d7dbf-d9b5-4456-94fe-105f1ed144f2,ed1e470a-95e7-48cc-bdfd-495f03d9e2a0,
e833a712-2d14-45be-abee-82f85a508ee2,d7e1a552-0aa7-480b-9cae-80493a75054b,
2d0cf586-4f66-45f3-89ca-c032893e8576,5486b6c5-64ea-4732-ba39-16af12ca826c,
811b7c29-d113-4967-9b59-ad5a9da297fb,ec48ffd0-42b7-4498-8b93-8c43cda41c6a,
8272cb73-0d6e-4211-aa86-00b5ae53f8f3,86960d87-fab2-4573-9a16-213afaa41e07,
83d56f13-23f0-4d93-be68-7ac70344cb42,cc1769f2-8456-4012-a1ad-835c39fb8477,
cf109502-dbbd-4ad3-8e69-80d2d08df768,a17aca02-7be3-4aa9-bfbc-768c41de1862,
9c74d6a1-4d80-4c9c-b69e-a8d822710a3c,6fe1e409-bbad-481f-8108-90056fb9ceab,
baa923a6-0e17-418d-9b77-c41b6c48744b,5ecba498-1894-4b0f-a448-f0e17fc4f3e8,
a8830805-0455-4589-b520-076c6291f51b,537fb16a-1174-49dc-ab2c-977e101aa0ad,
4a41a803-a49f-44bf-82a0-29fa045ac334,3762edaf-4e12-44a0-bd6c-274a696b331f,
5391dade-6e2a-4101-82d7-6a0911e92fd3,bef4e8a0-c108-485b-95f2-955d0e0c8d84,
713e95df-0ae0-4794-8867-b933de9720c8,d20074d0-e7c0-467b-b362-11fce0478ec5,
d3a1033d-29c4-4f7c-b933-737a9777cfd4,0c11ebbd-9d82-4eab-be2d-519d7bbff09a,
511a85c9-fc19-4dc0-9f05-e4ee77f4cd31,e4157f94-9cfe-4888-a1e1-baee93bbb1f2,
6899e74d-01af-4773-952f-199ab32c0cf3,1b18e77c-6ca0-4fcc-8dcc-c98758c747ee,
4c552ac1-9129-473e-b94d-af234e156685,d95d4a38-e553-426a-a2e9-f82a891d1b29,
d811a7cc-34b8-47e2-91d6-cb0d91facc71,907e070f-be10-405a-a2f1-ee584b4e017e,
9b7ae54f-8aad-4788-a3c9-eb56b3e2b229,24591bea-eee1-401c-b5ae-f61d8c8a7ccf,
541726df-d836-4606-a363-a08913e59f41,89d9d687-05db-47d8-a0a4-585c8fbc310c,
f09c96e7-5e73-4aba-85ce-7bafa4831253,026de545-d465-4e0b-a934-580f2f37c7bd,
4d95d938-5caa-4b4c-820d-b3e0db2de38a,50c41c8b-e555-4a00-a1d7-f50566c3058f,
b84bdbc5-7d8e-4214-949c-d0d2e7dcfb23,d57815e8-d4fb-4047-82f7-4c4b44c05177,
34811093-2c9e-4aa5-9169-831ef6d9414f,2c5721e5-4c18-4c28-aef7-2d2d251d15cc,
5a52563b-1528-4ae8-9ec9-a6f8f9a8778b,6fbd260f-1a5b-402a-8de2-fe5b7be52288,
e379f48b-aa6a-4167-b8e2-fd618287784d,1a04417b-ecca-4c63-a78c-d657dc523a45,
1b99c900-bf32-4a52-a188-388c202fdecf,8f08d877-8a2a-404f-becc-a67489aebd2e,
ba566b3f-d1c9-4ee2-b087-d9046af3865e,452d80e6-b9f1-47d2-96ab-17a978cfd230,
d5228cbe-6c8f-4fee-8e2a-424396974b6b,918ab189-40ca-4c3f-a3e1-f2ddecbdf650,
af0a00b2-bbac-4ace-8885-1fa6ec675f7d,9b7fd78c-1628-4f6a-88b4-3aad0d6121c5,
aefbed1a-59b4-4514-8618-ff8c3cef8248,93d59d8e-62f3-45d3-8809-589d0d9945b1,
df4faba9-e768-4e6c-9f0c-f4ecd57d1f0a,bb898a5f-0009-4202-9cfc-28feb655664c,
5e717c10-1a6d-4724-ab65-5fe6c51fdd76,6e1713a2-7c37-48de-9fb9-25ee41518117,
86c1e680-5397-4ecf-99bb-28ed4b61b3fc,bbcee61c-bc82-460b-bb02-06d4896e7e2f,
163eb70e-6b41-40e0-94b8-f3e6fa7788ad,a8749009-7a1d-4789-88c3-ac4fdd95963a,
6fc97d5e-98a0-482f-86c6-68c15a04519a,81630e3a-0527-419e-9cce-99d8fb36176d,
c18fb7ec-a83b-4a18-8759-48b2736f7daf,d5ad0aed-a325-4dc2-8eb6-588979088df4,
c3dd61e8-20a0-4828-b754-4ee7cc8608b0,b13c6c4e-67c0-4849-b7d5-ee8606fdc524,
445a6cd2-9a70-4c0a-9ed9-7ce129103409,8381a561-21f9-41ca-a945-ae924768dd7c,
967cdb55-a190-4ccd-9eb6-dd9bb9b652a7,9661af04-14a3-4f23-a49d-b826cc94e436,
05dfb766-7d0b-442e-9803-9a31652c68e4,e8c1d26b-fcef-4b12-bd9a-23a10c74f1ae,
4861faed-2d00-4366-a9ee-68027337a7a2,91364f24-3989-43f0-8bfd-e910442f3705,
582d3853-157c-422d-9874-022914413237,d697dde5-3fd1-4d53-9e86-9e07b5683e15,
afd7a8c0-78e4-4456-9f87-003c53097b08,23968db3-95ad-4f38-973e-e750dd653f79,
6caa7303-4192-4a26-b81a-a710b220d841,224fd715-00a3-4a6e-9e6f-ed45792d0791,
bbb9e4b9-c2ca-4afd-86c5-b8db476bf4d9,37aa9b9d-3310-468e-a8fc-f25bd6b1b2c7,